{
    "best_trial": 2,
    "best_value": 0.8449336290359497,
    "best_params": {
        "learning_rate": 0.0003761416094456093,
        "dropout_rate": 0.4739104326589187
    }
}