{
    "learning_rate": 0.00037298120661438417,
    "dropout_rate": 0.28896703819950076
}