{
    "learning_rate": 0.0003761416094456093,
    "dropout_rate": 0.4739104326589187
}