{
    "learning_rate": 1.2023408521477061e-05,
    "dropout_rate": 0.2698673538385469
}