{
  "accuracy": 0.7687672972679138,
  "loss": 0.7500411868095398,
  "val_accuracy": 0.8132081627845764,
  "val_loss": 0.6400259733200073,
  "epoch": 4,
  "global_step": 2260
}