{
    "learning_rate": 0.00010753561891089735,
    "dropout_rate": 0.2514541335501464
}