,precision,recall,f1-score,support
Pepper__bell___Bacterial_spot,0.8640776699029126,0.5894039735099338,0.7007874015748031,151.0
Pepper__bell___healthy,0.7491525423728813,0.9910313901345291,0.8532818532818532,223.0
Potato___Early_blight,0.875,0.9333333333333333,0.9032258064516129,150.0
Potato___Late_blight,0.795774647887324,0.7533333333333333,0.773972602739726,150.0
Potato___healthy,0.0,0.0,0.0,24.0
Tomato_Bacterial_spot,0.47957371225577267,0.84375,0.6115515288788222,320.0
Tomato_Early_blight,0.7333333333333333,0.07333333333333333,0.13333333333333333,150.0
Tomato_Late_blight,0.7637795275590551,0.6759581881533101,0.7171903881700554,287.0
Tomato_Leaf_Mold,0.7087378640776699,0.5069444444444444,0.5910931174089069,144.0
Tomato_Septoria_leaf_spot,0.6332046332046332,0.6142322097378277,0.623574144486692,267.0
Tomato_Spider_mites_Two_spotted_spider_mite,0.630901287553648,0.5833333333333334,0.6061855670103092,252.0
Tomato__Target_Spot,0.4897959183673469,0.22641509433962265,0.3096774193548387,212.0
Tomato__Tomato_YellowLeaf__Curl_Virus,0.8747553816046967,0.9273858921161826,0.9003021148036254,482.0
Tomato__Tomato_mosaic_virus,0.0,0.0,0.0,57.0
Tomato_healthy,0.5456989247311828,0.8458333333333333,0.6633986928104575,240.0
accuracy,0.6818912833708588,0.6818912833708588,0.6818912833708588,0.6818912833708588
macro avg,0.6095856961900304,0.5709525239401678,0.5591715980203357,3109.0
weighted avg,0.6810449788157134,0.6818912833708588,0.653713100620421,3109.0
