{
    "learning_rate": 4.1067567402582125e-05,
    "dropout_rate": 0.31167728425169877
}