{
    "learning_rate": 0.0004120366391320399,
    "dropout_rate": 0.331063238745194
}